Product Category,Count,Order_Quantity,Total_Revenue,Average_Revenue,Return_Count,Overall_Percentage,Return_Rate
Books,111014,332643,84718082,763.1297133694849,167122,27.341479372427308,50.24
Clothing,111483,335882,85318134,765.3017410726299,167077,27.60770788674233,49.74
Electronics,91361,274215,69886160,764.945217324679,137007,22.539009587185525,49.96
Home,91164,273884,69955934,767.3635865034444,136699,22.51180315364484,49.91
